Week,Date Range,Action,Library Id/Focus,Reddit URL,External Comments,Internal Comments,Members,Unique Visitors,Pageviews,Saves,Reports,Notes
1,2025-01-05 to 2025-01-11,Post,science-of-hangovers-body,,5,1,0,0,0,0,0,"Baseline week; post queued Sunday 10:00 ET"
2,2025-01-12 to 2025-01-18,Post,hydration-myths-debunked,,5,1,0,0,0,0,0,""
3,2025-01-19 to 2025-01-25,Post,vitamin-cofactors-alcohol-metabolism,,5,1,0,0,0,0,0,""
4,2025-01-26 to 2025-02-01,Post,prevention-strategies-evidence-based,,5,1,0,0,0,0,0,""
5,2025-02-02 to 2025-02-08,Post,b-vitamins-and-hangovers,,5,1,0,0,0,0,0,""
6,2025-02-09 to 2025-02-15,Post,transdermal-vs-oral-supplements,,5,1,0,0,0,0,0,""
7,2025-02-16 to 2025-02-22,Post,electrolyte-balance-beyond-water,,5,1,0,0,0,0,0,""
8,2025-02-23 to 2025-03-01,Post,nad-depletion-aging,,5,1,0,0,0,0,0,"Begin mod outreach prep"
9,2025-03-02 to 2025-03-08,Post,recovery-timeline-hour-by-hour,,5,1,0,0,0,0,0,""
10,2025-03-09 to 2025-03-15,Post,hangover-cures-fact-vs-fiction,,5,1,0,0,0,0,0,""
Summary (optional),,External Comments (total),,,0,,,,,,,"Sum external comments to verify 80/20 mix"
Summary (optional),,Internal Comments (total),,,0,,,,,,,""
